作者,字数万字
莫默,1833
唐家三少,1817
风会笑,1461
MS芙子,1416
辰东,1379
蜗牛狂奔,1344
苏小暖,1203
忘情至尊,1188
飞天鱼,1156
流水无痕,1137
牧童听竹,1128
我吃面包,1128
小小八,1116
老鹰吃小鸡,1068
天蚕土豆,1030
给力,941
白马出淤泥,920
落叶无言,896
竹林之大贤,859
会飞的小迁,856
邵羽,854
左耳思念,841
净无痕,825
天下,799
心碎梦思迁,787
我吃西红柿,757
忘语,747
夜星下,736
百里龙虾,705
猫腻,677
横扫天涯,636
箫声悠扬,633
顽石,614
迪巴拉爵士,598
江湖再见,577
予方,557
零度忧伤,533
天雨寒,475
司徒小二,474
万古青莲,404
顾婉音,381
卖报小郎君,380
二毛君,373
黑血粉,369
耳根,368
高月,363
偏方方,336
二目,336
名窑,327
叶之凡,321
烛,314
渐进淡出,302
炖肉大锅菜,295
美椒,283
千桦尽落,273
落叶知凉,262
木子心,252
落日九天,242
漫西,236
茗夜,227
依依兰兮,223
灵小哥,216
小龙卷风,208
春光满园,205
咬火,205
九浔,174
公子安爷,171
会说话的肘子,158
犹似,153
苏闲佞,148
千羽兮,144
安缨,142
千山茶客,140
腊笔小酱,136
帝歌,134
燕小陌,133
肥妈向善,122
楞个哩嗝楞,116
九黎山鬼,104
宁小白,100
伊人为花,95
月牙湾wan,91
一千万,88
轻泉流响,85
寂寞剑客,76
虞人美,72
五月柚,67
北川云上锦,65
抱抱糖糖,61
夏月依风,40
